WageEUR,log ValueEUR,log ReleaseClause,augmented IntReputation,log Overall,log BaseStats,log Potential,log Reactions,log HeadingAccuracy,log Acceleration,log Strength,log Positioning,log ShootingTotal,log PassingTotal,log DribblingTotal,log DefendingTotal,log Age under 30,log Age above 30
195000,44.511236511321364,46.049200609046956,35,9.0217190130337,6.113682179832231,4.51085950651685,4.5217885770490405,4.2484952420493585,4.465908118654584,4.219507705176107,4.532599493153255,4.48863636973214,4.499809670330265,4.543294782270004,3.526360524616161,0.0,0.7954545454545455
450000,44.93598410330986,46.73058356713078,28,9.0217190130337,6.12029741895095,4.51085950651685,4.5217885770490405,4.499809670330265,4.3694478524670215,4.406719247264253,4.5217885770490405,4.477336814478206,4.418840607796597,4.465908118654584,3.6635616461296463,0.0,0.7727272727272727
420000,45.615818392018966,47.41041787489476,35,9.0217190130337,6.1268691841141845,4.51085950651685,4.532599493153255,4.51085950651685,4.330733340286331,4.465908118654584,4.543294782270004,4.51085950651685,4.3694478524670215,4.454347296253507,3.784189633918261,0.0,0.75
350000,46.23250351382998,47.7707818595605,28,9.0217190130337,6.180016653652572,4.51085950651685,4.51085950651685,4.007333185232471,4.330733340286331,4.304065093204169,4.477336814478206,4.477336814478206,4.532599493153255,4.465908118654584,4.1588830833596715,0.0,0.7045454545454546
230000,47.66290688132757,49.30013658260388,28,9.0217190130337,6.152732694704104,4.553876891600541,4.532599493153255,4.276666119016055,4.574710978503383,4.330733340286331,4.5217885770490405,4.48863636973214,4.382026634673881,4.5217885770490405,3.58351893845611,0.7931034482758621,0.0
